model,utt_idx,obs_idx,p_low,p_info,p_high,highlight_info_gt_low_plus_high,utt_label,obs_label
model_avg_equal,0,0,0.1307841919748513,0.3282616294528994,0.5409541785117592,False,none / none / right,[9 9 3 3 3]
model_avg_equal,0,1,0.8115272838429404,0.17768341124460355,0.010789304782794766,False,none / none / right,[12 12 12 12 12]
model_avg_equal,0,2,0.3333333333333273,0.3333333333333273,0.3333333333333273,False,none / none / right,[9 9 9 0 0]
model_avg_equal,0,3,0.39839597907197355,0.46783982098112004,0.13376419982901794,False,none / none / right,[9 9 9 9 9]
model_avg_equal,0,4,0.3333333333333273,0.3333333333333273,0.3333333333333273,False,none / none / right,[12 12  0  0  0]
model_avg_equal,0,5,0.3333333333333273,0.3333333333333273,0.3333333333333273,False,none / none / right,[12 12  9  0  0]
model_avg_equal,0,6,0.4919656865324512,0.4030588715585124,0.10497544180874185,False,none / none / right,[12 12  9  9  9]
model_avg_equal,0,7,0.039051684390730104,0.25950502938423003,0.7014432861597517,False,none / none / right,[3 3 3 3 3]
model_avg_equal,0,8,0.4275538290790353,0.41855915717842207,0.15388701363838542,False,none / none / right,[12 12 12  3  3]
model_avg_equal,0,9,0.29316195177407156,0.40916682141714356,0.2976712267345811,False,none / none / right,[12 12  9  3  3]
model_avg_equal,0,10,0.17801380551272583,0.4169415449618652,0.40504464944978963,False,none / none / right,[12 12  3  3  3]
model_avg_equal,0,11,0.3333333333333273,0.3333333333333273,0.3333333333333273,False,none / none / right,[12 12  3  0  0]
model_avg_equal,0,12,0.3333333333333273,0.3333333333333273,0.3333333333333273,False,none / none / right,[3 3 0 0 0]
model_avg_equal,0,13,0.22565247895200158,0.38398529168151063,0.3903622292957066,False,none / none / right,[9 9 9 3 3]
model_avg_equal,0,14,0.3333333333333273,0.3333333333333273,0.3333333333333273,False,none / none / right,[9 9 0 0 0]
model_avg_equal,0,15,0.3333333333333273,0.3333333333333273,0.3333333333333273,False,none / none / right,[0 0 0 0 0]
model_avg_equal,0,16,0.5980958379935908,0.329061778517037,0.07284238338536946,False,none / none / right,[12 12 12  9  9]
model_avg_equal,0,17,0.3333333333333273,0.3333333333333273,0.3333333333333273,False,none / none / right,[9 9 3 0 0]
model_avg_equal,0,18,0.3333333333333273,0.3333333333333273,0.3333333333333273,False,none / none / right,[12 12 12  0  0]
model_avg_equal,0,19,0.3333333333333273,0.3333333333333273,0.3333333333333273,False,none / none / right,[3 3 3 0 0]
model_avg_equal,1,0,0.39036222929570663,0.38398529168151063,0.22565247895200158,False,none / none / wrong,[9 9 3 3 3]
model_avg_equal,1,1,0.3333333333333273,0.3333333333333273,0.3333333333333273,False,none / none / wrong,[12 12 12 12 12]
model_avg_equal,1,2,0.40504464944978963,0.4169415449618652,0.17801380551272583,False,none / none / wrong,[9 9 9 0 0]
model_avg_equal,1,3,0.7014432861597517,0.25950502938423003,0.039051684390730104,False,none / none / wrong,[9 9 9 9 9]
model_avg_equal,1,4,0.3333333333333273,0.3333333333333273,0.3333333333333273,False,none / none / wrong,[12 12  0  0  0]
model_avg_equal,1,5,0.3333333333333273,0.3333333333333273,0.3333333333333273,False,none / none / wrong,[12 12  9  0  0]
model_avg_equal,1,6,0.3333333333333273,0.3333333333333273,0.3333333333333273,False,none / none / wrong,[12 12  9  9  9]
model_avg_equal,1,7,0.13376419982901794,0.46783982098112004,0.39839597907197344,False,none / none / wrong,[3 3 3 3 3]
model_avg_equal,1,8,0.3333333333333273,0.3333333333333273,0.3333333333333273,False,none / none / wrong,[12 12 12  3  3]
model_avg_equal,1,9,0.3333333333333273,0.3333333333333273,0.3333333333333273,False,none / none / wrong,[12 12  9  3  3]
model_avg_equal,1,10,0.3333333333333273,0.3333333333333273,0.3333333333333273,False,none / none / wrong,[12 12  3  3  3]
model_avg_equal,1,11,0.3333333333333273,0.3333333333333273,0.3333333333333273,False,none / none / wrong,[12 12  3  0  0]
model_avg_equal,1,12,0.07284238338536947,0.329061778517037,0.5980958379935908,False,none / none / wrong,[3 3 0 0 0]
model_avg_equal,1,13,0.5409541785117592,0.32826162945289933,0.13078419197485133,False,none / none / wrong,[9 9 9 3 3]
model_avg_equal,1,14,0.15388701363838544,0.41855915717842207,0.4275538290790353,False,none / none / wrong,[9 9 0 0 0]
model_avg_equal,1,15,0.010789304782794766,0.17768341124460355,0.8115272838429404,False,none / none / wrong,[0 0 0 0 0]
model_avg_equal,1,16,0.3333333333333273,0.3333333333333273,0.3333333333333273,False,none / none / wrong,[12 12 12  9  9]
model_avg_equal,1,17,0.29767122673458113,0.40916682141714356,0.29316195177407156,False,none / none / wrong,[9 9 3 0 0]
model_avg_equal,1,18,0.3333333333333273,0.3333333333333273,0.3333333333333273,False,none / none / wrong,[12 12 12  0  0]
model_avg_equal,1,19,0.10497544180874185,0.4030588715585124,0.4919656865324511,False,none / none / wrong,[3 3 3 0 0]
model_avg_equal,2,0,0.3333333333333273,0.3333333333333273,0.3333333333333273,False,none / some / right,[9 9 3 3 3]
model_avg_equal,2,1,0.3333333333333273,0.3333333333333273,0.3333333333333273,False,none / some / right,[12 12 12 12 12]
model_avg_equal,2,2,0.3333333333333273,0.3333333333333273,0.3333333333333273,False,none / some / right,[9 9 9 0 0]
model_avg_equal,2,3,0.3333333333333273,0.3333333333333273,0.3333333333333273,False,none / some / right,[9 9 9 9 9]
model_avg_equal,2,4,0.3333333333333273,0.3333333333333273,0.3333333333333273,False,none / some / right,[12 12  0  0  0]
model_avg_equal,2,5,0.3333333333333273,0.3333333333333273,0.3333333333333273,False,none / some / right,[12 12  9  0  0]
model_avg_equal,2,6,0.3333333333333273,0.3333333333333273,0.3333333333333273,False,none / some / right,[12 12  9  9  9]
model_avg_equal,2,7,0.3333333333333273,0.3333333333333273,0.3333333333333273,False,none / some / right,[3 3 3 3 3]
model_avg_equal,2,8,0.3333333333333273,0.3333333333333273,0.3333333333333273,False,none / some / right,[12 12 12  3  3]
model_avg_equal,2,9,0.3333333333333273,0.3333333333333273,0.3333333333333273,False,none / some / right,[12 12  9  3  3]
model_avg_equal,2,10,0.3333333333333273,0.3333333333333273,0.3333333333333273,False,none / some / right,[12 12  3  3  3]
model_avg_equal,2,11,0.3333333333333273,0.3333333333333273,0.3333333333333273,False,none / some / right,[12 12  3  0  0]
model_avg_equal,2,12,0.3333333333333273,0.3333333333333273,0.3333333333333273,False,none / some / right,[3 3 0 0 0]
model_avg_equal,2,13,0.3333333333333273,0.3333333333333273,0.3333333333333273,False,none / some / right,[9 9 9 3 3]
model_avg_equal,2,14,0.3333333333333273,0.3333333333333273,0.3333333333333273,False,none / some / right,[9 9 0 0 0]
model_avg_equal,2,15,0.5936290148218224,0.3633779447448455,0.04299304041277044,False,none / some / right,[0 0 0 0 0]
model_avg_equal,2,16,0.3333333333333273,0.3333333333333273,0.3333333333333273,False,none / some / right,[12 12 12  9  9]
model_avg_equal,2,17,0.3333333333333273,0.3333333333333273,0.3333333333333273,False,none / some / right,[9 9 3 0 0]
model_avg_equal,2,18,0.3333333333333273,0.3333333333333273,0.3333333333333273,False,none / some / right,[12 12 12  0  0]
model_avg_equal,2,19,0.3333333333333273,0.3333333333333273,0.3333333333333273,False,none / some / right,[3 3 3 0 0]
model_avg_equal,3,0,0.3333333333333273,0.3333333333333273,0.3333333333333273,False,none / some / wrong,[9 9 3 3 3]
model_avg_equal,3,1,0.04299304041277044,0.3633779447448455,0.5936290148218224,False,none / some / wrong,[12 12 12 12 12]
model_avg_equal,3,2,0.3333333333333273,0.3333333333333273,0.3333333333333273,False,none / some / wrong,[9 9 9 0 0]
model_avg_equal,3,3,0.3333333333333273,0.3333333333333273,0.3333333333333273,False,none / some / wrong,[9 9 9 9 9]
model_avg_equal,3,4,0.3333333333333273,0.3333333333333273,0.3333333333333273,False,none / some / wrong,[12 12  0  0  0]
model_avg_equal,3,5,0.3333333333333273,0.3333333333333273,0.3333333333333273,False,none / some / wrong,[12 12  9  0  0]
model_avg_equal,3,6,0.3333333333333273,0.3333333333333273,0.3333333333333273,False,none / some / wrong,[12 12  9  9  9]
model_avg_equal,3,7,0.3333333333333273,0.3333333333333273,0.3333333333333273,False,none / some / wrong,[3 3 3 3 3]
model_avg_equal,3,8,0.3333333333333273,0.3333333333333273,0.3333333333333273,False,none / some / wrong,[12 12 12  3  3]
model_avg_equal,3,9,0.3333333333333273,0.3333333333333273,0.3333333333333273,False,none / some / wrong,[12 12  9  3  3]
model_avg_equal,3,10,0.3333333333333273,0.3333333333333273,0.3333333333333273,False,none / some / wrong,[12 12  3  3  3]
model_avg_equal,3,11,0.3333333333333273,0.3333333333333273,0.3333333333333273,False,none / some / wrong,[12 12  3  0  0]
model_avg_equal,3,12,0.3333333333333273,0.3333333333333273,0.3333333333333273,False,none / some / wrong,[3 3 0 0 0]
model_avg_equal,3,13,0.3333333333333273,0.3333333333333273,0.3333333333333273,False,none / some / wrong,[9 9 9 3 3]
model_avg_equal,3,14,0.3333333333333273,0.3333333333333273,0.3333333333333273,False,none / some / wrong,[9 9 0 0 0]
model_avg_equal,3,15,0.3333333333333273,0.3333333333333273,0.3333333333333273,False,none / some / wrong,[0 0 0 0 0]
model_avg_equal,3,16,0.3333333333333273,0.3333333333333273,0.3333333333333273,False,none / some / wrong,[12 12 12  9  9]
model_avg_equal,3,17,0.3333333333333273,0.3333333333333273,0.3333333333333273,False,none / some / wrong,[9 9 3 0 0]
model_avg_equal,3,18,0.3333333333333273,0.3333333333333273,0.3333333333333273,False,none / some / wrong,[12 12 12  0  0]
model_avg_equal,3,19,0.3333333333333273,0.3333333333333273,0.3333333333333273,False,none / some / wrong,[3 3 3 0 0]
model_avg_equal,4,0,0.3333333333333273,0.3333333333333273,0.3333333333333273,False,none / most / right,[9 9 3 3 3]
model_avg_equal,4,1,0.3333333333333273,0.3333333333333273,0.3333333333333273,False,none / most / right,[12 12 12 12 12]
model_avg_equal,4,2,0.3333333333333273,0.3333333333333273,0.3333333333333273,False,none / most / right,[9 9 9 0 0]
model_avg_equal,4,3,0.3333333333333273,0.3333333333333273,0.3333333333333273,False,none / most / right,[9 9 9 9 9]
model_avg_equal,4,4,0.3333333333333273,0.3333333333333273,0.3333333333333273,False,none / most / right,[12 12  0  0  0]
model_avg_equal,4,5,0.3333333333333273,0.3333333333333273,0.3333333333333273,False,none / most / right,[12 12  9  0  0]
model_avg_equal,4,6,0.3333333333333273,0.3333333333333273,0.3333333333333273,False,none / most / right,[12 12  9  9  9]
model_avg_equal,4,7,0.6942822418008371,0.2718276795301563,0.03389007864431265,False,none / most / right,[3 3 3 3 3]
model_avg_equal,4,8,0.3333333333333273,0.3333333333333273,0.3333333333333273,False,none / most / right,[12 12 12  3  3]
model_avg_equal,4,9,0.3333333333333273,0.3333333333333273,0.3333333333333273,False,none / most / right,[12 12  9  3  3]
model_avg_equal,4,10,0.3333333333333273,0.3333333333333273,0.3333333333333273,False,none / most / right,[12 12  3  3  3]
model_avg_equal,4,11,0.3333333333333273,0.3333333333333273,0.3333333333333273,False,none / most / right,[12 12  3  0  0]
model_avg_equal,4,12,0.5863512946869216,0.3287079848279945,0.08494072044757216,False,none / most / right,[3 3 0 0 0]
model_avg_equal,4,13,0.3333333333333273,0.3333333333333273,0.3333333333333273,False,none / most / right,[9 9 9 3 3]
model_avg_equal,4,14,0.3333333333333273,0.3333333333333273,0.3333333333333273,False,none / most / right,[9 9 0 0 0]
model_avg_equal,4,15,0.2101157589749062,0.47674231975254794,0.31314192114640665,False,none / most / right,[0 0 0 0 0]
model_avg_equal,4,16,0.3333333333333273,0.3333333333333273,0.3333333333333273,False,none / most / right,[12 12 12  9  9]
model_avg_equal,4,17,0.3333333333333273,0.3333333333333273,0.3333333333333273,False,none / most / right,[9 9 3 0 0]
model_avg_equal,4,18,0.3333333333333273,0.3333333333333273,0.3333333333333273,False,none / most / right,[12 12 12  0  0]
model_avg_equal,4,19,0.6602708345796644,0.28837300354447276,0.0513561618499773,False,none / most / right,[3 3 3 0 0]
model_avg_equal,5,0,0.3333333333333273,0.3333333333333273,0.3333333333333273,False,none / most / wrong,[9 9 3 3 3]
model_avg_equal,5,1,0.3131419211464066,0.4767423197525479,0.21011575897490622,False,none / most / wrong,[12 12 12 12 12]
model_avg_equal,5,2,0.3333333333333273,0.3333333333333273,0.3333333333333273,False,none / most / wrong,[9 9 9 0 0]
model_avg_equal,5,3,0.03389007864431264,0.2718276795301563,0.6942822418008371,False,none / most / wrong,[9 9 9 9 9]
model_avg_equal,5,4,0.3333333333333273,0.3333333333333273,0.3333333333333273,False,none / most / wrong,[12 12  0  0  0]
model_avg_equal,5,5,0.3333333333333273,0.3333333333333273,0.3333333333333273,False,none / most / wrong,[12 12  9  0  0]
model_avg_equal,5,6,0.051356161849977294,0.28837300354447276,0.6602708345796644,False,none / most / wrong,[12 12  9  9  9]
model_avg_equal,5,7,0.3333333333333273,0.3333333333333273,0.3333333333333273,False,none / most / wrong,[3 3 3 3 3]
model_avg_equal,5,8,0.3333333333333273,0.3333333333333273,0.3333333333333273,False,none / most / wrong,[12 12 12  3  3]
model_avg_equal,5,9,0.3333333333333273,0.3333333333333273,0.3333333333333273,False,none / most / wrong,[12 12  9  3  3]
model_avg_equal,5,10,0.3333333333333273,0.3333333333333273,0.3333333333333273,False,none / most / wrong,[12 12  3  3  3]
model_avg_equal,5,11,0.3333333333333273,0.3333333333333273,0.3333333333333273,False,none / most / wrong,[12 12  3  0  0]
model_avg_equal,5,12,0.3333333333333273,0.3333333333333273,0.3333333333333273,False,none / most / wrong,[3 3 0 0 0]
model_avg_equal,5,13,0.3333333333333273,0.3333333333333273,0.3333333333333273,False,none / most / wrong,[9 9 9 3 3]
model_avg_equal,5,14,0.3333333333333273,0.3333333333333273,0.3333333333333273,False,none / most / wrong,[9 9 0 0 0]
model_avg_equal,5,15,0.3333333333333273,0.3333333333333273,0.3333333333333273,False,none / most / wrong,[0 0 0 0 0]
model_avg_equal,5,16,0.08494072044757214,0.3287079848279945,0.5863512946869216,False,none / most / wrong,[12 12 12  9  9]
model_avg_equal,5,17,0.3333333333333273,0.3333333333333273,0.3333333333333273,False,none / most / wrong,[9 9 3 0 0]
model_avg_equal,5,18,0.3333333333333273,0.3333333333333273,0.3333333333333273,False,none / most / wrong,[12 12 12  0  0]
model_avg_equal,5,19,0.3333333333333273,0.3333333333333273,0.3333333333333273,False,none / most / wrong,[3 3 3 0 0]
model_avg_equal,6,0,0.39036222929570663,0.38398529168151063,0.22565247895200158,False,none / all / right,[9 9 3 3 3]
model_avg_equal,6,1,0.3333333333333273,0.3333333333333273,0.3333333333333273,False,none / all / right,[12 12 12 12 12]
model_avg_equal,6,2,0.40504464944978963,0.4169415449618652,0.17801380551272583,False,none / all / right,[9 9 9 0 0]
model_avg_equal,6,3,0.7014432861597517,0.25950502938423003,0.039051684390730104,False,none / all / right,[9 9 9 9 9]
model_avg_equal,6,4,0.3333333333333273,0.3333333333333273,0.3333333333333273,False,none / all / right,[12 12  0  0  0]
model_avg_equal,6,5,0.3333333333333273,0.3333333333333273,0.3333333333333273,False,none / all / right,[12 12  9  0  0]
model_avg_equal,6,6,0.3333333333333273,0.3333333333333273,0.3333333333333273,False,none / all / right,[12 12  9  9  9]
model_avg_equal,6,7,0.13376419982901794,0.46783982098112004,0.39839597907197344,False,none / all / right,[3 3 3 3 3]
model_avg_equal,6,8,0.3333333333333273,0.3333333333333273,0.3333333333333273,False,none / all / right,[12 12 12  3  3]
model_avg_equal,6,9,0.3333333333333273,0.3333333333333273,0.3333333333333273,False,none / all / right,[12 12  9  3  3]
model_avg_equal,6,10,0.3333333333333273,0.3333333333333273,0.3333333333333273,False,none / all / right,[12 12  3  3  3]
model_avg_equal,6,11,0.3333333333333273,0.3333333333333273,0.3333333333333273,False,none / all / right,[12 12  3  0  0]
model_avg_equal,6,12,0.07284238338536947,0.329061778517037,0.5980958379935908,False,none / all / right,[3 3 0 0 0]
model_avg_equal,6,13,0.5409541785117592,0.32826162945289933,0.13078419197485133,False,none / all / right,[9 9 9 3 3]
model_avg_equal,6,14,0.15388701363838544,0.41855915717842207,0.4275538290790353,False,none / all / right,[9 9 0 0 0]
model_avg_equal,6,15,0.010789304782794766,0.17768341124460355,0.8115272838429404,False,none / all / right,[0 0 0 0 0]
model_avg_equal,6,16,0.3333333333333273,0.3333333333333273,0.3333333333333273,False,none / all / right,[12 12 12  9  9]
model_avg_equal,6,17,0.29767122673458113,0.40916682141714356,0.29316195177407156,False,none / all / right,[9 9 3 0 0]
model_avg_equal,6,18,0.3333333333333273,0.3333333333333273,0.3333333333333273,False,none / all / right,[12 12 12  0  0]
model_avg_equal,6,19,0.10497544180874185,0.4030588715585124,0.4919656865324511,False,none / all / right,[3 3 3 0 0]
model_avg_equal,7,0,0.1307841919748513,0.3282616294528994,0.5409541785117592,False,none / all / wrong,[9 9 3 3 3]
model_avg_equal,7,1,0.8115272838429404,0.17768341124460355,0.010789304782794766,False,none / all / wrong,[12 12 12 12 12]
model_avg_equal,7,2,0.3333333333333273,0.3333333333333273,0.3333333333333273,False,none / all / wrong,[9 9 9 0 0]
model_avg_equal,7,3,0.39839597907197355,0.46783982098112004,0.13376419982901794,False,none / all / wrong,[9 9 9 9 9]
model_avg_equal,7,4,0.3333333333333273,0.3333333333333273,0.3333333333333273,False,none / all / wrong,[12 12  0  0  0]
model_avg_equal,7,5,0.3333333333333273,0.3333333333333273,0.3333333333333273,False,none / all / wrong,[12 12  9  0  0]
model_avg_equal,7,6,0.4919656865324512,0.4030588715585124,0.10497544180874185,False,none / all / wrong,[12 12  9  9  9]
model_avg_equal,7,7,0.039051684390730104,0.25950502938423003,0.7014432861597517,False,none / all / wrong,[3 3 3 3 3]
model_avg_equal,7,8,0.4275538290790353,0.41855915717842207,0.15388701363838542,False,none / all / wrong,[12 12 12  3  3]
model_avg_equal,7,9,0.29316195177407156,0.40916682141714356,0.2976712267345811,False,none / all / wrong,[12 12  9  3  3]
model_avg_equal,7,10,0.17801380551272583,0.4169415449618652,0.40504464944978963,False,none / all / wrong,[12 12  3  3  3]
model_avg_equal,7,11,0.3333333333333273,0.3333333333333273,0.3333333333333273,False,none / all / wrong,[12 12  3  0  0]
model_avg_equal,7,12,0.3333333333333273,0.3333333333333273,0.3333333333333273,False,none / all / wrong,[3 3 0 0 0]
model_avg_equal,7,13,0.22565247895200158,0.38398529168151063,0.3903622292957066,False,none / all / wrong,[9 9 9 3 3]
model_avg_equal,7,14,0.3333333333333273,0.3333333333333273,0.3333333333333273,False,none / all / wrong,[9 9 0 0 0]
model_avg_equal,7,15,0.3333333333333273,0.3333333333333273,0.3333333333333273,False,none / all / wrong,[0 0 0 0 0]
model_avg_equal,7,16,0.5980958379935908,0.329061778517037,0.07284238338536946,False,none / all / wrong,[12 12 12  9  9]
model_avg_equal,7,17,0.3333333333333273,0.3333333333333273,0.3333333333333273,False,none / all / wrong,[9 9 3 0 0]
model_avg_equal,7,18,0.3333333333333273,0.3333333333333273,0.3333333333333273,False,none / all / wrong,[12 12 12  0  0]
model_avg_equal,7,19,0.3333333333333273,0.3333333333333273,0.3333333333333273,False,none / all / wrong,[3 3 3 0 0]
model_avg_equal,8,0,0.3333333333333273,0.3333333333333273,0.3333333333333273,False,some / none / right,[9 9 3 3 3]
model_avg_equal,8,1,0.3333333333333273,0.3333333333333273,0.3333333333333273,False,some / none / right,[12 12 12 12 12]
model_avg_equal,8,2,0.7287621209214505,0.2410525729542906,0.030185306080590644,False,some / none / right,[9 9 9 0 0]
model_avg_equal,8,3,0.3333333333333273,0.3333333333333273,0.3333333333333273,False,some / none / right,[9 9 9 9 9]
model_avg_equal,8,4,0.45245460205973104,0.464057963805673,0.08348743402048384,False,some / none / right,[12 12  0  0  0]
model_avg_equal,8,5,0.7702466959705268,0.21267531690338617,0.017077987088207913,False,some / none / right,[12 12  9  0  0]
model_avg_equal,8,6,0.3333333333333273,0.3333333333333273,0.3333333333333273,False,some / none / right,[12 12  9  9  9]
model_avg_equal,8,7,0.3333333333333273,0.3333333333333273,0.3333333333333273,False,some / none / right,[3 3 3 3 3]
model_avg_equal,8,8,0.3333333333333273,0.3333333333333273,0.3333333333333273,False,some / none / right,[12 12 12  3  3]
model_avg_equal,8,9,0.3333333333333273,0.3333333333333273,0.3333333333333273,False,some / none / right,[12 12  9  3  3]
model_avg_equal,8,10,0.3333333333333273,0.3333333333333273,0.3333333333333273,False,some / none / right,[12 12  3  3  3]
model_avg_equal,8,11,0.6837179009792506,0.28099621991114776,0.03528587905953301,False,some / none / right,[12 12  3  0  0]
model_avg_equal,8,12,0.26818875715662505,0.4094676875278518,0.3223435551860374,False,some / none / right,[3 3 0 0 0]
model_avg_equal,8,13,0.3333333333333273,0.3333333333333273,0.3333333333333273,False,some / none / right,[9 9 9 3 3]
model_avg_equal,8,14,0.4047526776671634,0.42581192020168873,0.16943540202518825,False,some / none / right,[9 9 0 0 0]
model_avg_equal,8,15,0.044019549038166295,0.33333637087571777,0.6226440798422462,False,some / none / right,[0 0 0 0 0]
model_avg_equal,8,16,0.3333333333333273,0.3333333333333273,0.3333333333333273,False,some / none / right,[12 12 12  9  9]
model_avg_equal,8,17,0.6325904530541892,0.2909280132692035,0.07648153362388735,False,some / none / right,[9 9 3 0 0]
model_avg_equal,8,18,0.836904646325027,0.15789208110106429,0.005203272535174209,False,some / none / right,[12 12 12  0  0]
model_avg_equal,8,19,0.3543660125984812,0.42093505066354886,0.22469893663322504,False,some / none / right,[3 3 3 0 0]
model_avg_equal,9,0,0.3333333333333273,0.3333333333333273,0.3333333333333273,False,some / none / wrong,[9 9 3 3 3]
model_avg_equal,9,1,0.6226440798422462,0.3333363708757177,0.04401954903816631,False,some / none / wrong,[12 12 12 12 12]
model_avg_equal,9,2,0.3333333333333273,0.3333333333333273,0.3333333333333273,False,some / none / wrong,[9 9 9 0 0]
model_avg_equal,9,3,0.3333333333333273,0.3333333333333273,0.3333333333333273,False,some / none / wrong,[9 9 9 9 9]
model_avg_equal,9,4,0.005203272535174209,0.15789208110106429,0.836904646325027,False,some / none / wrong,[12 12  0  0  0]
model_avg_equal,9,5,0.03528587905953301,0.28099621991114776,0.6837179009792506,False,some / none / wrong,[12 12  9  0  0]
model_avg_equal,9,6,0.22469893663322502,0.42093505066354897,0.35436601259848116,False,some / none / wrong,[12 12  9  9  9]
model_avg_equal,9,7,0.3333333333333273,0.3333333333333273,0.3333333333333273,False,some / none / wrong,[3 3 3 3 3]
model_avg_equal,9,8,0.16943540202518825,0.4258119202016888,0.4047526776671634,False,some / none / wrong,[12 12 12  3  3]
model_avg_equal,9,9,0.07648153362388734,0.2909280132692034,0.6325904530541893,False,some / none / wrong,[12 12  9  3  3]
model_avg_equal,9,10,0.030185306080590644,0.2410525729542906,0.7287621209214507,False,some / none / wrong,[12 12  3  3  3]
model_avg_equal,9,11,0.017077987088207916,0.21267531690338617,0.7702466959705266,False,some / none / wrong,[12 12  3  0  0]
model_avg_equal,9,12,0.3333333333333273,0.3333333333333273,0.3333333333333273,False,some / none / wrong,[3 3 0 0 0]
model_avg_equal,9,13,0.3333333333333273,0.3333333333333273,0.3333333333333273,False,some / none / wrong,[9 9 9 3 3]
model_avg_equal,9,14,0.3333333333333273,0.3333333333333273,0.3333333333333273,False,some / none / wrong,[9 9 0 0 0]
model_avg_equal,9,15,0.3333333333333273,0.3333333333333273,0.3333333333333273,False,some / none / wrong,[0 0 0 0 0]
model_avg_equal,9,16,0.3223435551860374,0.4094676875278518,0.2681887571566251,False,some / none / wrong,[12 12 12  9  9]
model_avg_equal,9,17,0.3333333333333273,0.3333333333333273,0.3333333333333273,False,some / none / wrong,[9 9 3 0 0]
model_avg_equal,9,18,0.08348743402048384,0.4640579638056731,0.4524546020597311,False,some / none / wrong,[12 12 12  0  0]
model_avg_equal,9,19,0.3333333333333273,0.3333333333333273,0.3333333333333273,False,some / none / wrong,[3 3 3 0 0]
model_avg_equal,10,0,0.18616421833685448,0.40596471579849014,0.4078710658477575,False,some / some / right,[9 9 3 3 3]
model_avg_equal,10,1,0.8831496698856248,0.11408251808312045,0.0027678120124326527,False,some / some / right,[12 12 12 12 12]
model_avg_equal,10,2,0.19660003372784943,0.47241837358375227,0.3309815926690556,False,some / some / right,[9 9 9 0 0]
model_avg_equal,10,3,0.5182968111517049,0.4146541231489843,0.06704906567573314,False,some / some / right,[9 9 9 9 9]
model_avg_equal,10,4,0.06350401934861907,0.47267877791657315,0.4638172027085719,False,some / some / right,[12 12  0  0  0]
model_avg_equal,10,5,0.2539626208293321,0.514769332529625,0.2312680466203148,True,some / some / right,[12 12  9  0  0]
model_avg_equal,10,6,0.6305373251348649,0.32160155618205105,0.04786111866501814,False,some / some / right,[12 12  9  9  9]
model_avg_equal,10,7,0.05122552271745458,0.3453513891504412,0.6034230881124694,False,some / some / right,[3 3 3 3 3]
model_avg_equal,10,8,0.5720878772684183,0.36419612745498414,0.06371599525613914,False,some / some / right,[12 12 12  3  3]
model_avg_equal,10,9,0.4209131641812472,0.4141297663417632,0.16495706946003327,False,some / some / right,[12 12  9  3  3]
model_avg_equal,10,10,0.255483315767543,0.4769148836981315,0.2676018005147981,False,some / some / right,[12 12  3  3  3]
model_avg_equal,10,11,0.1707535111544593,0.4956831373210611,0.33356335150452066,False,some / some / right,[12 12  3  0  0]
model_avg_equal,10,12,0.019547833255816122,0.19186206677475237,0.7885900999557371,False,some / some / right,[3 3 0 0 0]
model_avg_equal,10,13,0.3178928505648274,0.4300138396867373,0.25209330973053684,False,some / some / right,[9 9 9 3 3]
model_avg_equal,10,14,0.04005448157787771,0.30327497207508464,0.6566705463300028,False,some / some / right,[9 9 0 0 0]
model_avg_equal,10,15,0.3333333333333273,0.3333333333333273,0.3333333333333273,False,some / some / right,[0 0 0 0 0]
model_avg_equal,10,16,0.7288980493314847,0.24366539510747037,0.027436555543649772,False,some / some / right,[12 12 12  9  9]
model_avg_equal,10,17,0.11593222893695579,0.3679651360186081,0.5161026350293697,False,some / some / right,[9 9 3 0 0]
model_avg_equal,10,18,0.3794017510389843,0.5256943052066171,0.0949039437252193,True,some / some / right,[12 12 12  0  0]
model_avg_equal,10,19,0.03672431511026686,0.25855722883557514,0.7047184560396346,False,some / some / right,[3 3 3 0 0]
model_avg_equal,11,0,0.2520933097305369,0.4300138396867373,0.3178928505648274,False,some / some / wrong,[9 9 3 3 3]
model_avg_equal,11,1,0.3333333333333273,0.3333333333333273,0.3333333333333273,False,some / some / wrong,[12 12 12 12 12]
model_avg_equal,11,2,0.26760180051479815,0.4769148836981315,0.255483315767543,False,some / some / wrong,[9 9 9 0 0]
model_avg_equal,11,3,0.6034230881124694,0.3453513891504412,0.05122552271745458,False,some / some / wrong,[9 9 9 9 9]
model_avg_equal,11,4,0.09490394372521933,0.5256943052066171,0.3794017510389843,True,some / some / wrong,[12 12  0  0  0]
model_avg_equal,11,5,0.33356335150452066,0.495683137321061,0.1707535111544593,False,some / some / wrong,[12 12  9  0  0]
model_avg_equal,11,6,0.7047184560396346,0.25855722883557514,0.03672431511026685,False,some / some / wrong,[12 12  9  9  9]
model_avg_equal,11,7,0.06704906567573315,0.4146541231489843,0.5182968111517049,False,some / some / wrong,[3 3 3 3 3]
model_avg_equal,11,8,0.6566705463300028,0.30327497207508464,0.04005448157787769,False,some / some / wrong,[12 12 12  3  3]
model_avg_equal,11,9,0.5161026350293697,0.36796513601860814,0.11593222893695579,False,some / some / wrong,[12 12  9  3  3]
model_avg_equal,11,10,0.3309815926690556,0.4724183735837522,0.19660003372784943,False,some / some / wrong,[12 12  3  3  3]
model_avg_equal,11,11,0.2312680466203148,0.514769332529625,0.2539626208293321,True,some / some / wrong,[12 12  3  0  0]
model_avg_equal,11,12,0.027436555543649772,0.24366539510747035,0.7288980493314847,False,some / some / wrong,[3 3 0 0 0]
model_avg_equal,11,13,0.40787106584775745,0.40596471579849014,0.18616421833685448,False,some / some / wrong,[9 9 9 3 3]
model_avg_equal,11,14,0.06371599525613915,0.36419612745498414,0.5720878772684181,False,some / some / wrong,[9 9 0 0 0]
model_avg_equal,11,15,0.0027678120124326527,0.11408251808312045,0.8831496698856248,False,some / some / wrong,[0 0 0 0 0]
model_avg_equal,11,16,0.788590099955737,0.19186206677475234,0.019547833255816115,False,some / some / wrong,[12 12 12  9  9]
model_avg_equal,11,17,0.1649570694600333,0.4141297663417632,0.4209131641812472,False,some / some / wrong,[9 9 3 0 0]
model_avg_equal,11,18,0.463817202708572,0.4726787779165731,0.06350401934861905,False,some / some / wrong,[12 12 12  0  0]
model_avg_equal,11,19,0.047861118665018146,0.32160155618205105,0.6305373251348649,False,some / some / wrong,[3 3 3 0 0]
model_avg_equal,12,0,0.05741221890718243,0.2629934013335517,0.679594379750224,False,some / most / right,[9 9 3 3 3]
model_avg_equal,12,1,0.7873911004962453,0.19971312528448654,0.01289577419202495,False,some / most / right,[12 12 12 12 12]
model_avg_equal,12,2,0.06727372911218514,0.32978406828423895,0.6029422025924226,False,some / most / right,[9 9 9 0 0]
model_avg_equal,12,3,0.3066713618514886,0.48499199830090967,0.2083366398248223,False,some / most / right,[9 9 9 9 9]
model_avg_equal,12,4,0.01809382619084319,0.2776647673543947,0.7042414064420335,False,some / most / right,[12 12  0  0  0]
model_avg_equal,12,5,0.10135478237873499,0.41332057831949853,0.48532463928801917,False,some / most / right,[12 12  9  0  0]
model_avg_equal,12,6,0.41700477017339843,0.41693307035235166,0.1660621594549012,False,some / most / right,[12 12  9  9  9]
model_avg_equal,12,7,0.3333333333333273,0.3333333333333273,0.3333333333333273,False,some / most / right,[3 3 3 3 3]
model_avg_equal,12,8,0.3517595287477111,0.4425267525655833,0.2057137186661692,False,some / most / right,[12 12 12  3  3]
model_avg_equal,12,9,0.19922884250974762,0.389882309370025,0.4108888481070405,False,some / most / right,[12 12  9  3  3]
model_avg_equal,12,10,0.0957273221436142,0.3667677630937749,0.5375049147502057,False,some / most / right,[12 12  3  3  3]
model_avg_equal,12,11,0.05727478112587498,0.34404924285411487,0.598675976008567,False,some / most / right,[12 12  3  0  0]
model_avg_equal,12,12,0.3333333333333273,0.3333333333333273,0.3333333333333273,False,some / most / right,[3 3 0 0 0]
model_avg_equal,12,13,0.1250073043344885,0.34451794721610196,0.5304747484375636,False,some / most / right,[9 9 9 3 3]
model_avg_equal,12,14,0.009515297083824788,0.15000589589821184,0.8404788070110022,False,some / most / right,[9 9 0 0 0]
model_avg_equal,12,15,0.3333333333333273,0.3333333333333273,0.3333333333333273,False,some / most / right,[0 0 0 0 0]
model_avg_equal,12,16,0.5383873044869258,0.35378793685775367,0.10782475863445466,False,some / most / right,[12 12 12  9  9]
model_avg_equal,12,17,0.031414995816130706,0.21019426375694128,0.7583907404198191,False,some / most / right,[9 9 3 0 0]
model_avg_equal,12,18,0.19577636758650763,0.5451405317115348,0.2590831006769649,True,some / most / right,[12 12 12  0  0]
model_avg_equal,12,19,0.3333333333333273,0.3333333333333273,0.3333333333333273,False,some / most / right,[3 3 3 0 0]
model_avg_equal,13,0,0.5304747484375636,0.344517947216102,0.1250073043344885,False,some / most / wrong,[9 9 3 3 3]
model_avg_equal,13,1,0.3333333333333273,0.3333333333333273,0.3333333333333273,False,some / most / wrong,[12 12 12 12 12]
model_avg_equal,13,2,0.5375049147502058,0.36676776309377496,0.09572732214361418,False,some / most / wrong,[9 9 9 0 0]
model_avg_equal,13,3,0.3333333333333273,0.3333333333333273,0.3333333333333273,False,some / most / wrong,[9 9 9 9 9]
model_avg_equal,13,4,0.2590831006769649,0.5451405317115348,0.1957763675865076,True,some / most / wrong,[12 12  0  0  0]
model_avg_equal,13,5,0.5986759760085669,0.344049242854115,0.057274781125874974,False,some / most / wrong,[12 12  9  0  0]
model_avg_equal,13,6,0.3333333333333273,0.3333333333333273,0.3333333333333273,False,some / most / wrong,[12 12  9  9  9]
model_avg_equal,13,7,0.20833663982482234,0.48499199830090967,0.3066713618514886,False,some / most / wrong,[3 3 3 3 3]
model_avg_equal,13,8,0.8404788070110022,0.15000589589821184,0.009515297083824786,False,some / most / wrong,[12 12 12  3  3]
model_avg_equal,13,9,0.7583907404198191,0.2101942637569413,0.031414995816130706,False,some / most / wrong,[12 12  9  3  3]
model_avg_equal,13,10,0.6029422025924225,0.32978406828423895,0.06727372911218515,False,some / most / wrong,[12 12  3  3  3]
model_avg_equal,13,11,0.48532463928801917,0.41332057831949853,0.10135478237873499,False,some / most / wrong,[12 12  3  0  0]
model_avg_equal,13,12,0.10782475863445466,0.35378793685775367,0.5383873044869258,False,some / most / wrong,[3 3 0 0 0]
model_avg_equal,13,13,0.6795943797502239,0.2629934013335517,0.05741221890718243,False,some / most / wrong,[9 9 9 3 3]
model_avg_equal,13,14,0.2057137186661692,0.4425267525655833,0.35175952874771105,False,some / most / wrong,[9 9 0 0 0]
model_avg_equal,13,15,0.012895774192024947,0.19971312528448654,0.7873911004962453,False,some / most / wrong,[0 0 0 0 0]
model_avg_equal,13,16,0.3333333333333273,0.3333333333333273,0.3333333333333273,False,some / most / wrong,[12 12 12  9  9]
model_avg_equal,13,17,0.4108888481070404,0.389882309370025,0.19922884250974762,False,some / most / wrong,[9 9 3 0 0]
model_avg_equal,13,18,0.7042414064420334,0.2776647673543947,0.01809382619084319,False,some / most / wrong,[12 12 12  0  0]
model_avg_equal,13,19,0.1660621594549012,0.4169330703523516,0.41700477017339843,False,some / most / wrong,[3 3 3 0 0]
model_avg_equal,14,0,0.3333333333333273,0.3333333333333273,0.3333333333333273,False,some / all / right,[9 9 3 3 3]
model_avg_equal,14,1,0.6092933861142761,0.34743056697410063,0.04327604688348761,False,some / all / right,[12 12 12 12 12]
model_avg_equal,14,2,0.3333333333333273,0.3333333333333273,0.3333333333333273,False,some / all / right,[9 9 9 0 0]
model_avg_equal,14,3,0.3333333333333273,0.3333333333333273,0.3333333333333273,False,some / all / right,[9 9 9 9 9]
model_avg_equal,14,4,0.005121952714813937,0.16785877082236714,0.8270192764582553,False,some / all / right,[12 12  0  0  0]
model_avg_equal,14,5,0.03421764579171344,0.29681117079908437,0.6689711834033487,False,some / all / right,[12 12  9  0  0]
model_avg_equal,14,6,0.21400242756562082,0.43957063345322794,0.34642693896905696,False,some / all / right,[12 12  9  9  9]
model_avg_equal,14,7,0.3333333333333273,0.3333333333333273,0.3333333333333273,False,some / all / right,[3 3 3 3 3]
model_avg_equal,14,8,0.1629291684032043,0.4441433846647622,0.3929274469198134,False,some / all / right,[12 12 12  3  3]
model_avg_equal,14,9,0.07404848065284023,0.30710414972246813,0.618847369618534,False,some / all / right,[12 12  9  3  3]
model_avg_equal,14,10,0.029469056655005973,0.2553219730899016,0.7152089702499724,False,some / all / right,[12 12  3  3  3]
model_avg_equal,14,11,0.01674358217201261,0.22538957346081928,0.7578668443627233,False,some / all / right,[12 12  3  0  0]
model_avg_equal,14,12,0.3333333333333273,0.3333333333333273,0.3333333333333273,False,some / all / right,[3 3 0 0 0]
model_avg_equal,14,13,0.3333333333333273,0.3333333333333273,0.3333333333333273,False,some / all / right,[9 9 9 3 3]
model_avg_equal,14,14,0.3333333333333273,0.3333333333333273,0.3333333333333273,False,some / all / right,[9 9 0 0 0]
model_avg_equal,14,15,0.3333333333333273,0.3333333333333273,0.3333333333333273,False,some / all / right,[0 0 0 0 0]
model_avg_equal,14,16,0.30996695157815024,0.42748877881508957,0.2625442695918092,False,some / all / right,[12 12 12  9  9]
model_avg_equal,14,17,0.3333333333333273,0.3333333333333273,0.3333333333333273,False,some / all / right,[9 9 3 0 0]
model_avg_equal,14,18,0.07988331977634323,0.4828952404717938,0.43722143973873645,False,some / all / right,[12 12 12  0  0]
model_avg_equal,14,19,0.3333333333333273,0.3333333333333273,0.3333333333333273,False,some / all / right,[3 3 3 0 0]
model_avg_equal,15,0,0.3333333333333273,0.3333333333333273,0.3333333333333273,False,some / all / wrong,[9 9 3 3 3]
model_avg_equal,15,1,0.3333333333333273,0.3333333333333273,0.3333333333333273,False,some / all / wrong,[12 12 12 12 12]
model_avg_equal,15,2,0.7152089702499725,0.2553219730899016,0.029469056655005967,False,some / all / wrong,[9 9 9 0 0]
model_avg_equal,15,3,0.3333333333333273,0.3333333333333273,0.3333333333333273,False,some / all / wrong,[9 9 9 9 9]
model_avg_equal,15,4,0.43722143973873645,0.4828952404717938,0.07988331977634319,False,some / all / wrong,[12 12  0  0  0]
model_avg_equal,15,5,0.7578668443627233,0.22538957346081934,0.016743582172012602,False,some / all / wrong,[12 12  9  0  0]
model_avg_equal,15,6,0.3333333333333273,0.3333333333333273,0.3333333333333273,False,some / all / wrong,[12 12  9  9  9]
model_avg_equal,15,7,0.3333333333333273,0.3333333333333273,0.3333333333333273,False,some / all / wrong,[3 3 3 3 3]
model_avg_equal,15,8,0.3333333333333273,0.3333333333333273,0.3333333333333273,False,some / all / wrong,[12 12 12  3  3]
model_avg_equal,15,9,0.3333333333333273,0.3333333333333273,0.3333333333333273,False,some / all / wrong,[12 12  9  3  3]
model_avg_equal,15,10,0.3333333333333273,0.3333333333333273,0.3333333333333273,False,some / all / wrong,[12 12  3  3  3]
model_avg_equal,15,11,0.6689711834033487,0.29681117079908437,0.034217645791713436,False,some / all / wrong,[12 12  3  0  0]
model_avg_equal,15,12,0.2625442695918092,0.4274887788150895,0.30996695157815024,False,some / all / wrong,[3 3 0 0 0]
model_avg_equal,15,13,0.3333333333333273,0.3333333333333273,0.3333333333333273,False,some / all / wrong,[9 9 9 3 3]
model_avg_equal,15,14,0.3929274469198134,0.4441433846647622,0.16292916840320426,False,some / all / wrong,[9 9 0 0 0]
model_avg_equal,15,15,0.0432760468834876,0.34743056697410063,0.6092933861142761,False,some / all / wrong,[0 0 0 0 0]
model_avg_equal,15,16,0.3333333333333273,0.3333333333333273,0.3333333333333273,False,some / all / wrong,[12 12 12  9  9]
model_avg_equal,15,17,0.6188473696185339,0.30710414972246813,0.07404848065284025,False,some / all / wrong,[9 9 3 0 0]
model_avg_equal,15,18,0.8270192764582552,0.16785877082236714,0.005121952714813936,False,some / all / wrong,[12 12 12  0  0]
model_avg_equal,15,19,0.34642693896905696,0.43957063345322794,0.21400242756562082,False,some / all / wrong,[3 3 3 0 0]
model_avg_equal,16,0,0.3333333333333273,0.3333333333333273,0.3333333333333273,False,most / none / right,[9 9 3 3 3]
model_avg_equal,16,1,0.3333333333333273,0.3333333333333273,0.3333333333333273,False,most / none / right,[12 12 12 12 12]
model_avg_equal,16,2,0.3333333333333273,0.3333333333333273,0.3333333333333273,False,most / none / right,[9 9 9 0 0]
model_avg_equal,16,3,0.3333333333333273,0.3333333333333273,0.3333333333333273,False,most / none / right,[9 9 9 9 9]
model_avg_equal,16,4,0.6794463211584215,0.3027382186081373,0.017815460206594615,False,most / none / right,[12 12  0  0  0]
model_avg_equal,16,5,0.3333333333333273,0.3333333333333273,0.3333333333333273,False,most / none / right,[12 12  9  0  0]
model_avg_equal,16,6,0.3333333333333273,0.3333333333333273,0.3333333333333273,False,most / none / right,[12 12  9  9  9]
model_avg_equal,16,7,0.3333333333333273,0.3333333333333273,0.3333333333333273,False,most / none / right,[3 3 3 3 3]
model_avg_equal,16,8,0.3333333333333273,0.3333333333333273,0.3333333333333273,False,most / none / right,[12 12 12  3  3]
model_avg_equal,16,9,0.3333333333333273,0.3333333333333273,0.3333333333333273,False,most / none / right,[12 12  9  3  3]
model_avg_equal,16,10,0.3333333333333273,0.3333333333333273,0.3333333333333273,False,most / none / right,[12 12  3  3  3]
model_avg_equal,16,11,0.3333333333333273,0.3333333333333273,0.3333333333333273,False,most / none / right,[12 12  3  0  0]
model_avg_equal,16,12,0.5267314458212233,0.36944201479426425,0.10382653934234523,False,most / none / right,[3 3 0 0 0]
model_avg_equal,16,13,0.3333333333333273,0.3333333333333273,0.3333333333333273,False,most / none / right,[9 9 9 3 3]
model_avg_equal,16,14,0.6585707354084118,0.30174535043210876,0.03968391413239271,False,most / none / right,[9 9 0 0 0]
model_avg_equal,16,15,0.15578627920575247,0.5125788812504739,0.33163483940811633,True,most / none / right,[0 0 0 0 0]
model_avg_equal,16,16,0.3333333333333273,0.3333333333333273,0.3333333333333273,False,most / none / right,[12 12 12  9  9]
model_avg_equal,16,17,0.3333333333333273,0.3333333333333273,0.3333333333333273,False,most / none / right,[9 9 3 0 0]
model_avg_equal,16,18,0.3333333333333273,0.3333333333333273,0.3333333333333273,False,most / none / right,[12 12 12  0  0]
model_avg_equal,16,19,0.3333333333333273,0.3333333333333273,0.3333333333333273,False,most / none / right,[3 3 3 0 0]
model_avg_equal,17,0,0.3333333333333273,0.3333333333333273,0.3333333333333273,False,most / none / wrong,[9 9 3 3 3]
model_avg_equal,17,1,0.33163483940811633,0.5125788812504739,0.15578627920575244,True,most / none / wrong,[12 12 12 12 12]
model_avg_equal,17,2,0.3333333333333273,0.3333333333333273,0.3333333333333273,False,most / none / wrong,[9 9 9 0 0]
model_avg_equal,17,3,0.3333333333333273,0.3333333333333273,0.3333333333333273,False,most / none / wrong,[9 9 9 9 9]
model_avg_equal,17,4,0.3333333333333273,0.3333333333333273,0.3333333333333273,False,most / none / wrong,[12 12  0  0  0]
model_avg_equal,17,5,0.3333333333333273,0.3333333333333273,0.3333333333333273,False,most / none / wrong,[12 12  9  0  0]
model_avg_equal,17,6,0.3333333333333273,0.3333333333333273,0.3333333333333273,False,most / none / wrong,[12 12  9  9  9]
model_avg_equal,17,7,0.3333333333333273,0.3333333333333273,0.3333333333333273,False,most / none / wrong,[3 3 3 3 3]
model_avg_equal,17,8,0.039683914132392716,0.30174535043210876,0.6585707354084119,False,most / none / wrong,[12 12 12  3  3]
model_avg_equal,17,9,0.3333333333333273,0.3333333333333273,0.3333333333333273,False,most / none / wrong,[12 12  9  3  3]
model_avg_equal,17,10,0.3333333333333273,0.3333333333333273,0.3333333333333273,False,most / none / wrong,[12 12  3  3  3]
model_avg_equal,17,11,0.3333333333333273,0.3333333333333273,0.3333333333333273,False,most / none / wrong,[12 12  3  0  0]
model_avg_equal,17,12,0.3333333333333273,0.3333333333333273,0.3333333333333273,False,most / none / wrong,[3 3 0 0 0]
model_avg_equal,17,13,0.3333333333333273,0.3333333333333273,0.3333333333333273,False,most / none / wrong,[9 9 9 3 3]
model_avg_equal,17,14,0.3333333333333273,0.3333333333333273,0.3333333333333273,False,most / none / wrong,[9 9 0 0 0]
model_avg_equal,17,15,0.3333333333333273,0.3333333333333273,0.3333333333333273,False,most / none / wrong,[0 0 0 0 0]
model_avg_equal,17,16,0.10382653934234522,0.36944201479426425,0.5267314458212234,False,most / none / wrong,[12 12 12  9  9]
model_avg_equal,17,17,0.3333333333333273,0.3333333333333273,0.3333333333333273,False,most / none / wrong,[9 9 3 0 0]
model_avg_equal,17,18,0.017815460206594615,0.30273821860813727,0.6794463211584215,False,most / none / wrong,[12 12 12  0  0]
model_avg_equal,17,19,0.3333333333333273,0.3333333333333273,0.3333333333333273,False,most / none / wrong,[3 3 3 0 0]
model_avg_equal,18,0,0.15974095391749063,0.3843650161233358,0.45589402994595835,False,most / some / right,[9 9 3 3 3]
model_avg_equal,18,1,0.8631958664337802,0.13273108719153234,0.004073046356588872,False,most / some / right,[12 12 12 12 12]
model_avg_equal,18,2,0.16766043651479132,0.4553441824742766,0.3769953809955327,False,most / some / right,[9 9 9 0 0]
model_avg_equal,18,3,0.47096420727683597,0.44599045564497597,0.0830453370572405,False,most / some / right,[9 9 9 9 9]
model_avg_equal,18,4,0.3333333333333273,0.3333333333333273,0.3333333333333273,False,most / some / right,[12 12  0  0  0]
model_avg_equal,18,5,0.21605082016257268,0.5100255741495827,0.273923605670881,True,most / some / right,[12 12  9  0  0]
model_avg_equal,18,6,0.5824329097000908,0.35739369941664967,0.0601733908666753,False,most / some / right,[12 12  9  9  9]
model_avg_equal,18,7,0.04514329444686664,0.3136028678606728,0.6412538376777337,False,most / some / right,[3 3 3 3 3]
model_avg_equal,18,8,0.5204023596886728,0.3943937741016221,0.08520386619140323,False,most / some / right,[12 12 12  3  3]
model_avg_equal,18,9,0.36876994313574757,0.42725811608979686,0.2039719407600052,False,most / some / right,[12 12  9  3  3]
model_avg_equal,18,10,0.22008727228411987,0.4669189900524452,0.3129937376476427,False,most / some / right,[12 12  3  3  3]
model_avg_equal,18,11,0.1451789465409825,0.4749888705270734,0.3798321829161461,False,most / some / right,[12 12  3  0  0]
model_avg_equal,18,12,0.3333333333333273,0.3333333333333273,0.3333333333333273,False,most / some / right,[3 3 0 0 0]
model_avg_equal,18,13,0.27717973529351286,0.42596477143876393,0.29685549325307914,False,most / some / right,[9 9 9 3 3]
model_avg_equal,18,14,0.3333333333333273,0.3333333333333273,0.3333333333333273,False,most / some / right,[9 9 0 0 0]
model_avg_equal,18,15,0.3333333333333273,0.3333333333333273,0.3333333333333273,False,most / some / right,[0 0 0 0 0]
model_avg_equal,18,16,0.6880517589486479,0.2756390636695757,0.03630917736552135,False,most / some / right,[12 12 12  9  9]
model_avg_equal,18,17,0.0990017466767224,0.3418772432870803,0.5591210100246341,False,most / some / right,[9 9 3 0 0]
model_avg_equal,18,18,0.3332830508804408,0.5458263658959615,0.12089058319857267,True,most / some / right,[12 12 12  0  0]
model_avg_equal,18,19,0.03299202096259796,0.2352887266418169,0.7317192523846674,False,most / some / right,[3 3 3 0 0]
model_avg_equal,19,0,0.29685549325307914,0.4259647714387639,0.2771797352935128,False,most / some / wrong,[9 9 3 3 3]
model_avg_equal,19,1,0.3333333333333273,0.3333333333333273,0.3333333333333273,False,most / some / wrong,[12 12 12 12 12]
model_avg_equal,19,2,0.31299373764764277,0.46691899005244514,0.2200872722841198,False,most / some / wrong,[9 9 9 0 0]
model_avg_equal,19,3,0.6412538376777338,0.3136028678606728,0.045143294446866634,False,most / some / wrong,[9 9 9 9 9]
model_avg_equal,19,4,0.1208905831985727,0.5458263658959615,0.3332830508804408,True,most / some / wrong,[12 12  0  0  0]
model_avg_equal,19,5,0.3798321829161462,0.4749888705270734,0.14517894654098248,False,most / some / wrong,[12 12  9  0  0]
model_avg_equal,19,6,0.7317192523846674,0.23528872664181688,0.03299202096259795,False,most / some / wrong,[12 12  9  9  9]
model_avg_equal,19,7,0.08304533705724051,0.44599045564497597,0.47096420727683586,False,most / some / wrong,[3 3 3 3 3]
model_avg_equal,19,8,0.3333333333333273,0.3333333333333273,0.3333333333333273,False,most / some / wrong,[12 12 12  3  3]
model_avg_equal,19,9,0.5591210100246341,0.34187724328708025,0.0990017466767224,False,most / some / wrong,[12 12  9  3  3]
model_avg_equal,19,10,0.3769953809955327,0.4553441824742766,0.1676604365147913,False,most / some / wrong,[12 12  3  3  3]
model_avg_equal,19,11,0.273923605670881,0.5100255741495827,0.21605082016257263,True,most / some / wrong,[12 12  3  0  0]
model_avg_equal,19,12,0.036309177365521354,0.2756390636695757,0.6880517589486478,False,most / some / wrong,[3 3 0 0 0]
model_avg_equal,19,13,0.45589402994595835,0.3843650161233358,0.15974095391749063,False,most / some / wrong,[9 9 9 3 3]
model_avg_equal,19,14,0.08520386619140326,0.394393774101622,0.5204023596886728,False,most / some / wrong,[9 9 0 0 0]
model_avg_equal,19,15,0.004073046356588872,0.13273108719153237,0.8631958664337802,False,most / some / wrong,[0 0 0 0 0]
model_avg_equal,19,16,0.3333333333333273,0.3333333333333273,0.3333333333333273,False,most / some / wrong,[12 12 12  9  9]
model_avg_equal,19,17,0.20397194076000524,0.42725811608979686,0.36876994313574757,False,most / some / wrong,[9 9 3 0 0]
model_avg_equal,19,18,0.3333333333333273,0.3333333333333273,0.3333333333333273,False,most / some / wrong,[12 12 12  0  0]
model_avg_equal,19,19,0.06017339086667531,0.35739369941664967,0.5824329097000908,False,most / some / wrong,[3 3 3 0 0]
model_avg_equal,20,0,0.3333333333333273,0.3333333333333273,0.3333333333333273,False,most / most / right,[9 9 3 3 3]
model_avg_equal,20,1,0.6478613363876439,0.3143825624225963,0.03775610116430456,False,most / most / right,[12 12 12 12 12]
model_avg_equal,20,2,0.024526088574052383,0.2246217820885435,0.7508521293329007,False,most / most / right,[9 9 9 0 0]
model_avg_equal,20,3,0.16197993910269112,0.47630978808594193,0.36171027279810297,False,most / most / right,[9 9 9 9 9]
model_avg_equal,20,4,0.3333333333333273,0.3333333333333273,0.3333333333333273,False,most / most / right,[12 12  0  0  0]
model_avg_equal,20,5,0.03867972923507089,0.30618010388770284,0.6551401668711876,False,most / most / right,[12 12  9  0  0]
model_avg_equal,20,6,0.23459520420489452,0.4536130190412243,0.31179177674139913,False,most / most / right,[12 12  9  9  9]
model_avg_equal,20,7,0.3333333333333273,0.3333333333333273,0.3333333333333273,False,most / most / right,[3 3 3 3 3]
model_avg_equal,20,8,0.1804452263681274,0.44423905160345156,0.3753157220161982,False,most / most / right,[12 12 12  3  3]
model_avg_equal,20,9,0.08259097307742214,0.314460932425943,0.6029480944903296,False,most / most / right,[12 12  9  3  3]
model_avg_equal,20,10,0.3333333333333273,0.3333333333333273,0.3333333333333273,False,most / most / right,[12 12  3  3  3]
model_avg_equal,20,11,0.3333333333333273,0.3333333333333273,0.3333333333333273,False,most / most / right,[12 12  3  0  0]
model_avg_equal,20,12,0.3333333333333273,0.3333333333333273,0.3333333333333273,False,most / most / right,[3 3 0 0 0]
model_avg_equal,20,13,0.048805472656981416,0.2486509377262361,0.7025435896117145,False,most / most / right,[9 9 9 3 3]
model_avg_equal,20,14,0.3333333333333273,0.3333333333333273,0.3333333333333273,False,most / most / right,[9 9 0 0 0]
model_avg_equal,20,15,0.3333333333333273,0.3333333333333273,0.3333333333333273,False,most / most / right,[0 0 0 0 0]
model_avg_equal,20,16,0.3377997821654066,0.4309844096876645,0.23121580813185527,False,most / most / right,[12 12 12  9  9]
model_avg_equal,20,17,0.3333333333333273,0.3333333333333273,0.3333333333333273,False,most / most / right,[9 9 3 0 0]
model_avg_equal,20,18,0.08941844655926018,0.4878246097147117,0.4227569437127688,False,most / most / right,[12 12 12  0  0]
model_avg_equal,20,19,0.3333333333333273,0.3333333333333273,0.3333333333333273,False,most / most / right,[3 3 3 0 0]
model_avg_equal,21,0,0.7025435896117143,0.2486509377262361,0.048805472656981416,False,most / most / wrong,[9 9 3 3 3]
model_avg_equal,21,1,0.3333333333333273,0.3333333333333273,0.3333333333333273,False,most / most / wrong,[12 12 12 12 12]
model_avg_equal,21,2,0.3333333333333273,0.3333333333333273,0.3333333333333273,False,most / most / wrong,[9 9 9 0 0]
model_avg_equal,21,3,0.3333333333333273,0.3333333333333273,0.3333333333333273,False,most / most / wrong,[9 9 9 9 9]
model_avg_equal,21,4,0.4227569437127688,0.48782460971471164,0.08941844655926018,False,most / most / wrong,[12 12  0  0  0]
model_avg_equal,21,5,0.3333333333333273,0.3333333333333273,0.3333333333333273,False,most / most / wrong,[12 12  9  0  0]
model_avg_equal,21,6,0.3333333333333273,0.3333333333333273,0.3333333333333273,False,most / most / wrong,[12 12  9  9  9]
model_avg_equal,21,7,0.3617102727981031,0.47630978808594193,0.1619799391026911,False,most / most / wrong,[3 3 3 3 3]
model_avg_equal,21,8,0.3333333333333273,0.3333333333333273,0.3333333333333273,False,most / most / wrong,[12 12 12  3  3]
model_avg_equal,21,9,0.3333333333333273,0.3333333333333273,0.3333333333333273,False,most / most / wrong,[12 12  9  3  3]
model_avg_equal,21,10,0.7508521293329007,0.22462178208854347,0.024526088574052383,False,most / most / wrong,[12 12  3  3  3]
model_avg_equal,21,11,0.6551401668711875,0.3061801038877029,0.03867972923507089,False,most / most / wrong,[12 12  3  0  0]
model_avg_equal,21,12,0.2312158081318553,0.4309844096876645,0.3377997821654066,False,most / most / wrong,[3 3 0 0 0]
model_avg_equal,21,13,0.3333333333333273,0.3333333333333273,0.3333333333333273,False,most / most / wrong,[9 9 9 3 3]
model_avg_equal,21,14,0.3753157220161982,0.44423905160345156,0.18044522636812738,False,most / most / wrong,[9 9 0 0 0]
model_avg_equal,21,15,0.03775610116430456,0.3143825624225963,0.6478613363876439,False,most / most / wrong,[0 0 0 0 0]
model_avg_equal,21,16,0.3333333333333273,0.3333333333333273,0.3333333333333273,False,most / most / wrong,[12 12 12  9  9]
model_avg_equal,21,17,0.6029480944903296,0.314460932425943,0.08259097307742214,False,most / most / wrong,[9 9 3 0 0]
model_avg_equal,21,18,0.3333333333333273,0.3333333333333273,0.3333333333333273,False,most / most / wrong,[12 12 12  0  0]
model_avg_equal,21,19,0.3117917767413991,0.4536130190412243,0.2345952042048945,False,most / most / wrong,[3 3 3 0 0]
model_avg_equal,22,0,0.3333333333333273,0.3333333333333273,0.3333333333333273,False,most / all / right,[9 9 3 3 3]
model_avg_equal,22,1,0.3178481018503366,0.5314179937808201,0.1507339043533042,True,most / all / right,[12 12 12 12 12]
model_avg_equal,22,2,0.3333333333333273,0.3333333333333273,0.3333333333333273,False,most / all / right,[9 9 9 0 0]
model_avg_equal,22,3,0.3333333333333273,0.3333333333333273,0.3333333333333273,False,most / all / right,[9 9 9 9 9]
model_avg_equal,22,4,0.3333333333333273,0.3333333333333273,0.3333333333333273,False,most / all / right,[12 12  0  0  0]
model_avg_equal,22,5,0.3333333333333273,0.3333333333333273,0.3333333333333273,False,most / all / right,[12 12  9  0  0]
model_avg_equal,22,6,0.3333333333333273,0.3333333333333273,0.3333333333333273,False,most / all / right,[12 12  9  9  9]
model_avg_equal,22,7,0.3333333333333273,0.3333333333333273,0.3333333333333273,False,most / all / right,[3 3 3 3 3]
model_avg_equal,22,8,0.03848125273536767,0.3178995292598261,0.6436192180016511,False,most / all / right,[12 12 12  3  3]
model_avg_equal,22,9,0.3333333333333273,0.3333333333333273,0.3333333333333273,False,most / all / right,[12 12  9  3  3]
model_avg_equal,22,10,0.3333333333333273,0.3333333333333273,0.3333333333333273,False,most / all / right,[12 12  3  3  3]
model_avg_equal,22,11,0.3333333333333273,0.3333333333333273,0.3333333333333273,False,most / all / right,[12 12  3  0  0]
model_avg_equal,22,12,0.3333333333333273,0.3333333333333273,0.3333333333333273,False,most / all / right,[3 3 0 0 0]
model_avg_equal,22,13,0.3333333333333273,0.3333333333333273,0.3333333333333273,False,most / all / right,[9 9 9 3 3]
model_avg_equal,22,14,0.3333333333333273,0.3333333333333273,0.3333333333333273,False,most / all / right,[9 9 0 0 0]
model_avg_equal,22,15,0.3333333333333273,0.3333333333333273,0.3333333333333273,False,most / all / right,[0 0 0 0 0]
model_avg_equal,22,16,0.09902454172609951,0.3877021102079472,0.51327334806106,False,most / all / right,[12 12 12  9  9]
model_avg_equal,22,17,0.3333333333333273,0.3333333333333273,0.3333333333333273,False,most / all / right,[9 9 3 0 0]
model_avg_equal,22,18,0.017276592609443,0.31887602742271115,0.663847379964719,False,most / all / right,[12 12 12  0  0]
model_avg_equal,22,19,0.3333333333333273,0.3333333333333273,0.3333333333333273,False,most / all / right,[3 3 3 0 0]
model_avg_equal,23,0,0.3333333333333273,0.3333333333333273,0.3333333333333273,False,most / all / wrong,[9 9 3 3 3]
model_avg_equal,23,1,0.3333333333333273,0.3333333333333273,0.3333333333333273,False,most / all / wrong,[12 12 12 12 12]
model_avg_equal,23,2,0.3333333333333273,0.3333333333333273,0.3333333333333273,False,most / all / wrong,[9 9 9 0 0]
model_avg_equal,23,3,0.3333333333333273,0.3333333333333273,0.3333333333333273,False,most / all / wrong,[9 9 9 9 9]
model_avg_equal,23,4,0.663847379964719,0.31887602742271115,0.017276592609443,False,most / all / wrong,[12 12  0  0  0]
model_avg_equal,23,5,0.3333333333333273,0.3333333333333273,0.3333333333333273,False,most / all / wrong,[12 12  9  0  0]
model_avg_equal,23,6,0.3333333333333273,0.3333333333333273,0.3333333333333273,False,most / all / wrong,[12 12  9  9  9]
model_avg_equal,23,7,0.3333333333333273,0.3333333333333273,0.3333333333333273,False,most / all / wrong,[3 3 3 3 3]
model_avg_equal,23,8,0.3333333333333273,0.3333333333333273,0.3333333333333273,False,most / all / wrong,[12 12 12  3  3]
model_avg_equal,23,9,0.3333333333333273,0.3333333333333273,0.3333333333333273,False,most / all / wrong,[12 12  9  3  3]
model_avg_equal,23,10,0.3333333333333273,0.3333333333333273,0.3333333333333273,False,most / all / wrong,[12 12  3  3  3]
model_avg_equal,23,11,0.3333333333333273,0.3333333333333273,0.3333333333333273,False,most / all / wrong,[12 12  3  0  0]
model_avg_equal,23,12,0.51327334806106,0.3877021102079472,0.09902454172609952,False,most / all / wrong,[3 3 0 0 0]
model_avg_equal,23,13,0.3333333333333273,0.3333333333333273,0.3333333333333273,False,most / all / wrong,[9 9 9 3 3]
model_avg_equal,23,14,0.6436192180016511,0.3178995292598261,0.03848125273536768,False,most / all / wrong,[9 9 0 0 0]
model_avg_equal,23,15,0.15073390435330417,0.5314179937808201,0.3178481018503366,True,most / all / wrong,[0 0 0 0 0]
model_avg_equal,23,16,0.3333333333333273,0.3333333333333273,0.3333333333333273,False,most / all / wrong,[12 12 12  9  9]
model_avg_equal,23,17,0.3333333333333273,0.3333333333333273,0.3333333333333273,False,most / all / wrong,[9 9 3 0 0]
model_avg_equal,23,18,0.3333333333333273,0.3333333333333273,0.3333333333333273,False,most / all / wrong,[12 12 12  0  0]
model_avg_equal,23,19,0.3333333333333273,0.3333333333333273,0.3333333333333273,False,most / all / wrong,[3 3 3 0 0]
model_avg_equal,24,0,0.3333333333333273,0.3333333333333273,0.3333333333333273,False,all / none / right,[9 9 3 3 3]
model_avg_equal,24,1,0.3333333333333273,0.3333333333333273,0.3333333333333273,False,all / none / right,[12 12 12 12 12]
model_avg_equal,24,2,0.3333333333333273,0.3333333333333273,0.3333333333333273,False,all / none / right,[9 9 9 0 0]
model_avg_equal,24,3,0.3333333333333273,0.3333333333333273,0.3333333333333273,False,all / none / right,[9 9 9 9 9]
model_avg_equal,24,4,0.3333333333333273,0.3333333333333273,0.3333333333333273,False,all / none / right,[12 12  0  0  0]
model_avg_equal,24,5,0.3333333333333273,0.3333333333333273,0.3333333333333273,False,all / none / right,[12 12  9  0  0]
model_avg_equal,24,6,0.3333333333333273,0.3333333333333273,0.3333333333333273,False,all / none / right,[12 12  9  9  9]
model_avg_equal,24,7,0.3333333333333273,0.3333333333333273,0.3333333333333273,False,all / none / right,[3 3 3 3 3]
model_avg_equal,24,8,0.3333333333333273,0.3333333333333273,0.3333333333333273,False,all / none / right,[12 12 12  3  3]
model_avg_equal,24,9,0.3333333333333273,0.3333333333333273,0.3333333333333273,False,all / none / right,[12 12  9  3  3]
model_avg_equal,24,10,0.3333333333333273,0.3333333333333273,0.3333333333333273,False,all / none / right,[12 12  3  3  3]
model_avg_equal,24,11,0.3333333333333273,0.3333333333333273,0.3333333333333273,False,all / none / right,[12 12  3  0  0]
model_avg_equal,24,12,0.3333333333333273,0.3333333333333273,0.3333333333333273,False,all / none / right,[3 3 0 0 0]
model_avg_equal,24,13,0.3333333333333273,0.3333333333333273,0.3333333333333273,False,all / none / right,[9 9 9 3 3]
model_avg_equal,24,14,0.3333333333333273,0.3333333333333273,0.3333333333333273,False,all / none / right,[9 9 0 0 0]
model_avg_equal,24,15,0.5936290148218224,0.3633779447448455,0.04299304041277044,False,all / none / right,[0 0 0 0 0]
model_avg_equal,24,16,0.3333333333333273,0.3333333333333273,0.3333333333333273,False,all / none / right,[12 12 12  9  9]
model_avg_equal,24,17,0.3333333333333273,0.3333333333333273,0.3333333333333273,False,all / none / right,[9 9 3 0 0]
model_avg_equal,24,18,0.3333333333333273,0.3333333333333273,0.3333333333333273,False,all / none / right,[12 12 12  0  0]
model_avg_equal,24,19,0.3333333333333273,0.3333333333333273,0.3333333333333273,False,all / none / right,[3 3 3 0 0]
model_avg_equal,25,0,0.3333333333333273,0.3333333333333273,0.3333333333333273,False,all / none / wrong,[9 9 3 3 3]
model_avg_equal,25,1,0.04299304041277044,0.3633779447448455,0.5936290148218224,False,all / none / wrong,[12 12 12 12 12]
model_avg_equal,25,2,0.3333333333333273,0.3333333333333273,0.3333333333333273,False,all / none / wrong,[9 9 9 0 0]
model_avg_equal,25,3,0.3333333333333273,0.3333333333333273,0.3333333333333273,False,all / none / wrong,[9 9 9 9 9]
model_avg_equal,25,4,0.3333333333333273,0.3333333333333273,0.3333333333333273,False,all / none / wrong,[12 12  0  0  0]
model_avg_equal,25,5,0.3333333333333273,0.3333333333333273,0.3333333333333273,False,all / none / wrong,[12 12  9  0  0]
model_avg_equal,25,6,0.3333333333333273,0.3333333333333273,0.3333333333333273,False,all / none / wrong,[12 12  9  9  9]
model_avg_equal,25,7,0.3333333333333273,0.3333333333333273,0.3333333333333273,False,all / none / wrong,[3 3 3 3 3]
model_avg_equal,25,8,0.3333333333333273,0.3333333333333273,0.3333333333333273,False,all / none / wrong,[12 12 12  3  3]
model_avg_equal,25,9,0.3333333333333273,0.3333333333333273,0.3333333333333273,False,all / none / wrong,[12 12  9  3  3]
model_avg_equal,25,10,0.3333333333333273,0.3333333333333273,0.3333333333333273,False,all / none / wrong,[12 12  3  3  3]
model_avg_equal,25,11,0.3333333333333273,0.3333333333333273,0.3333333333333273,False,all / none / wrong,[12 12  3  0  0]
model_avg_equal,25,12,0.3333333333333273,0.3333333333333273,0.3333333333333273,False,all / none / wrong,[3 3 0 0 0]
model_avg_equal,25,13,0.3333333333333273,0.3333333333333273,0.3333333333333273,False,all / none / wrong,[9 9 9 3 3]
model_avg_equal,25,14,0.3333333333333273,0.3333333333333273,0.3333333333333273,False,all / none / wrong,[9 9 0 0 0]
model_avg_equal,25,15,0.3333333333333273,0.3333333333333273,0.3333333333333273,False,all / none / wrong,[0 0 0 0 0]
model_avg_equal,25,16,0.3333333333333273,0.3333333333333273,0.3333333333333273,False,all / none / wrong,[12 12 12  9  9]
model_avg_equal,25,17,0.3333333333333273,0.3333333333333273,0.3333333333333273,False,all / none / wrong,[9 9 3 0 0]
model_avg_equal,25,18,0.3333333333333273,0.3333333333333273,0.3333333333333273,False,all / none / wrong,[12 12 12  0  0]
model_avg_equal,25,19,0.3333333333333273,0.3333333333333273,0.3333333333333273,False,all / none / wrong,[3 3 3 0 0]
model_avg_equal,26,0,0.12944734350708506,0.3439070023700337,0.5266456541158714,False,all / some / right,[9 9 3 3 3]
model_avg_equal,26,1,0.7988885144760031,0.19062567280180495,0.010485812706762828,False,all / some / right,[12 12 12 12 12]
model_avg_equal,26,2,0.3333333333333273,0.3333333333333273,0.3333333333333273,False,all / some / right,[9 9 9 0 0]
model_avg_equal,26,3,0.3874384915757067,0.4859332728701855,0.12662823554057603,False,all / some / right,[9 9 9 9 9]
model_avg_equal,26,4,0.3333333333333273,0.3333333333333273,0.3333333333333273,False,all / some / right,[12 12  0  0  0]
model_avg_equal,26,5,0.3333333333333273,0.3333333333333273,0.3333333333333273,False,all / some / right,[12 12  9  0  0]
model_avg_equal,26,6,0.4782186912296389,0.4216025067764762,0.10017880198228407,False,all / some / right,[12 12  9  9  9]
model_avg_equal,26,7,0.0387969098217045,0.27164551989025093,0.6895575702804799,False,all / some / right,[3 3 3 3 3]
model_avg_equal,26,8,0.4171306045043089,0.4370754721697759,0.1457939233138891,False,all / some / right,[12 12 12  3  3]
model_avg_equal,26,9,0.2872842683453971,0.42732708639691674,0.2853886452491173,False,all / some / right,[12 12  9  3  3]
model_avg_equal,26,10,0.17540664465219719,0.4347312200268095,0.38986213531227587,False,all / some / right,[12 12  3  3  3]
model_avg_equal,26,11,0.3333333333333273,0.3333333333333273,0.3333333333333273,False,all / some / right,[12 12  3  0  0]
model_avg_equal,26,12,0.3333333333333273,0.3333333333333273,0.3333333333333273,False,all / some / right,[3 3 0 0 0]
model_avg_equal,26,13,0.22199950378651856,0.4017241837689816,0.37627631243631027,False,all / some / right,[9 9 9 3 3]
model_avg_equal,26,14,0.3333333333333273,0.3333333333333273,0.3333333333333273,False,all / some / right,[9 9 0 0 0]
model_avg_equal,26,15,0.3333333333333273,0.3333333333333273,0.3333333333333273,False,all / some / right,[0 0 0 0 0]
model_avg_equal,26,16,0.5833647599825774,0.3468347907317149,0.0698004492735777,False,all / some / right,[12 12 12  9  9]
model_avg_equal,26,17,0.3333333333333273,0.3333333333333273,0.3333333333333273,False,all / some / right,[9 9 3 0 0]
model_avg_equal,26,18,0.3333333333333273,0.3333333333333273,0.3333333333333273,False,all / some / right,[12 12 12  0  0]
model_avg_equal,26,19,0.3333333333333273,0.3333333333333273,0.3333333333333273,False,all / some / right,[3 3 3 0 0]
model_avg_equal,27,0,0.37627631243631027,0.40172418376898156,0.22199950378651856,False,all / some / wrong,[9 9 3 3 3]
model_avg_equal,27,1,0.3333333333333273,0.3333333333333273,0.3333333333333273,False,all / some / wrong,[12 12 12 12 12]
model_avg_equal,27,2,0.38986213531227587,0.4347312200268094,0.17540664465219719,False,all / some / wrong,[9 9 9 0 0]
model_avg_equal,27,3,0.6895575702804798,0.27164551989025093,0.03879690982170449,False,all / some / wrong,[9 9 9 9 9]
model_avg_equal,27,4,0.3333333333333273,0.3333333333333273,0.3333333333333273,False,all / some / wrong,[12 12  0  0  0]
model_avg_equal,27,5,0.3333333333333273,0.3333333333333273,0.3333333333333273,False,all / some / wrong,[12 12  9  0  0]
model_avg_equal,27,6,0.3333333333333273,0.3333333333333273,0.3333333333333273,False,all / some / wrong,[12 12  9  9  9]
model_avg_equal,27,7,0.12662823554057603,0.4859332728701855,0.3874384915757067,False,all / some / wrong,[3 3 3 3 3]
model_avg_equal,27,8,0.3333333333333273,0.3333333333333273,0.3333333333333273,False,all / some / wrong,[12 12 12  3  3]
model_avg_equal,27,9,0.3333333333333273,0.3333333333333273,0.3333333333333273,False,all / some / wrong,[12 12  9  3  3]
model_avg_equal,27,10,0.3333333333333273,0.3333333333333273,0.3333333333333273,False,all / some / wrong,[12 12  3  3  3]
model_avg_equal,27,11,0.3333333333333273,0.3333333333333273,0.3333333333333273,False,all / some / wrong,[12 12  3  0  0]
model_avg_equal,27,12,0.06980044927357772,0.3468347907317149,0.5833647599825774,False,all / some / wrong,[3 3 0 0 0]
model_avg_equal,27,13,0.5266456541158715,0.34390700237003363,0.12944734350708506,False,all / some / wrong,[9 9 9 3 3]
model_avg_equal,27,14,0.14579392331388913,0.43707547216977594,0.4171306045043089,False,all / some / wrong,[9 9 0 0 0]
model_avg_equal,27,15,0.010485812706762828,0.19062567280180495,0.7988885144760032,False,all / some / wrong,[0 0 0 0 0]
model_avg_equal,27,16,0.3333333333333273,0.3333333333333273,0.3333333333333273,False,all / some / wrong,[12 12 12  9  9]
model_avg_equal,27,17,0.28538864524911733,0.42732708639691674,0.28728426834539716,False,all / some / wrong,[9 9 3 0 0]
model_avg_equal,27,18,0.3333333333333273,0.3333333333333273,0.3333333333333273,False,all / some / wrong,[12 12 12  0  0]
model_avg_equal,27,19,0.10017880198228407,0.4216025067764762,0.4782186912296389,False,all / some / wrong,[3 3 3 0 0]
model_avg_equal,28,0,0.3333333333333273,0.3333333333333273,0.3333333333333273,False,all / most / right,[9 9 3 3 3]
model_avg_equal,28,1,0.30421186773727255,0.4947022993878825,0.20108583286037957,False,all / most / right,[12 12 12 12 12]
model_avg_equal,28,2,0.3333333333333273,0.3333333333333273,0.3333333333333273,False,all / most / right,[9 9 9 0 0]
model_avg_equal,28,3,0.03328368518988249,0.2862936519674114,0.6804226628398297,False,all / most / right,[9 9 9 9 9]
model_avg_equal,28,4,0.3333333333333273,0.3333333333333273,0.3333333333333273,False,all / most / right,[12 12  0  0  0]
model_avg_equal,28,5,0.3333333333333273,0.3333333333333273,0.3333333333333273,False,all / most / right,[12 12  9  0  0]
model_avg_equal,28,6,0.05031401690664292,0.3031060693652191,0.6465799137251291,False,all / most / right,[12 12  9  9  9]
model_avg_equal,28,7,0.3333333333333273,0.3333333333333273,0.3333333333333273,False,all / most / right,[3 3 3 3 3]
model_avg_equal,28,8,0.3333333333333273,0.3333333333333273,0.3333333333333273,False,all / most / right,[12 12 12  3  3]
model_avg_equal,28,9,0.3333333333333273,0.3333333333333273,0.3333333333333273,False,all / most / right,[12 12  9  3  3]
model_avg_equal,28,10,0.3333333333333273,0.3333333333333273,0.3333333333333273,False,all / most / right,[12 12  3  3  3]
model_avg_equal,28,11,0.3333333333333273,0.3333333333333273,0.3333333333333273,False,all / most / right,[12 12  3  0  0]
model_avg_equal,28,12,0.3333333333333273,0.3333333333333273,0.3333333333333273,False,all / most / right,[3 3 0 0 0]
model_avg_equal,28,13,0.3333333333333273,0.3333333333333273,0.3333333333333273,False,all / most / right,[9 9 9 3 3]
model_avg_equal,28,14,0.3333333333333273,0.3333333333333273,0.3333333333333273,False,all / most / right,[9 9 0 0 0]
model_avg_equal,28,15,0.3333333333333273,0.3333333333333273,0.3333333333333273,False,all / most / right,[0 0 0 0 0]
model_avg_equal,28,16,0.08331523743582381,0.34358844991703097,0.5730963126428099,False,all / most / right,[12 12 12  9  9]
model_avg_equal,28,17,0.3333333333333273,0.3333333333333273,0.3333333333333273,False,all / most / right,[9 9 3 0 0]
model_avg_equal,28,18,0.3333333333333273,0.3333333333333273,0.3333333333333273,False,all / most / right,[12 12 12  0  0]
model_avg_equal,28,19,0.3333333333333273,0.3333333333333273,0.3333333333333273,False,all / most / right,[3 3 3 0 0]
model_avg_equal,29,0,0.3333333333333273,0.3333333333333273,0.3333333333333273,False,all / most / wrong,[9 9 3 3 3]
model_avg_equal,29,1,0.3333333333333273,0.3333333333333273,0.3333333333333273,False,all / most / wrong,[12 12 12 12 12]
model_avg_equal,29,2,0.3333333333333273,0.3333333333333273,0.3333333333333273,False,all / most / wrong,[9 9 9 0 0]
model_avg_equal,29,3,0.3333333333333273,0.3333333333333273,0.3333333333333273,False,all / most / wrong,[9 9 9 9 9]
model_avg_equal,29,4,0.3333333333333273,0.3333333333333273,0.3333333333333273,False,all / most / wrong,[12 12  0  0  0]
model_avg_equal,29,5,0.3333333333333273,0.3333333333333273,0.3333333333333273,False,all / most / wrong,[12 12  9  0  0]
model_avg_equal,29,6,0.3333333333333273,0.3333333333333273,0.3333333333333273,False,all / most / wrong,[12 12  9  9  9]
model_avg_equal,29,7,0.6804226628398297,0.28629365196741147,0.0332836851898825,False,all / most / wrong,[3 3 3 3 3]
model_avg_equal,29,8,0.3333333333333273,0.3333333333333273,0.3333333333333273,False,all / most / wrong,[12 12 12  3  3]
model_avg_equal,29,9,0.3333333333333273,0.3333333333333273,0.3333333333333273,False,all / most / wrong,[12 12  9  3  3]
model_avg_equal,29,10,0.3333333333333273,0.3333333333333273,0.3333333333333273,False,all / most / wrong,[12 12  3  3  3]
model_avg_equal,29,11,0.3333333333333273,0.3333333333333273,0.3333333333333273,False,all / most / wrong,[12 12  3  0  0]
model_avg_equal,29,12,0.5730963126428098,0.34358844991703097,0.08331523743582382,False,all / most / wrong,[3 3 0 0 0]
model_avg_equal,29,13,0.3333333333333273,0.3333333333333273,0.3333333333333273,False,all / most / wrong,[9 9 9 3 3]
model_avg_equal,29,14,0.3333333333333273,0.3333333333333273,0.3333333333333273,False,all / most / wrong,[9 9 0 0 0]
model_avg_equal,29,15,0.20108583286037954,0.49470229938788246,0.3042118677372725,False,all / most / wrong,[0 0 0 0 0]
model_avg_equal,29,16,0.3333333333333273,0.3333333333333273,0.3333333333333273,False,all / most / wrong,[12 12 12  9  9]
model_avg_equal,29,17,0.3333333333333273,0.3333333333333273,0.3333333333333273,False,all / most / wrong,[9 9 3 0 0]
model_avg_equal,29,18,0.3333333333333273,0.3333333333333273,0.3333333333333273,False,all / most / wrong,[12 12 12  0  0]
model_avg_equal,29,19,0.6465799137251291,0.3031060693652191,0.05031401690664292,False,all / most / wrong,[3 3 3 0 0]
model_avg_equal,30,0,0.3333333333333273,0.3333333333333273,0.3333333333333273,False,all / all / right,[9 9 3 3 3]
model_avg_equal,30,1,0.04122528910207151,0.3809179312656594,0.5778567796298869,False,all / all / right,[12 12 12 12 12]
model_avg_equal,30,2,0.3333333333333273,0.3333333333333273,0.3333333333333273,False,all / all / right,[9 9 9 0 0]
model_avg_equal,30,3,0.3333333333333273,0.3333333333333273,0.3333333333333273,False,all / all / right,[9 9 9 9 9]
model_avg_equal,30,4,0.3333333333333273,0.3333333333333273,0.3333333333333273,False,all / all / right,[12 12  0  0  0]
model_avg_equal,30,5,0.3333333333333273,0.3333333333333273,0.3333333333333273,False,all / all / right,[12 12  9  0  0]
model_avg_equal,30,6,0.3333333333333273,0.3333333333333273,0.3333333333333273,False,all / all / right,[12 12  9  9  9]
model_avg_equal,30,7,0.3333333333333273,0.3333333333333273,0.3333333333333273,False,all / all / right,[3 3 3 3 3]
model_avg_equal,30,8,0.3333333333333273,0.3333333333333273,0.3333333333333273,False,all / all / right,[12 12 12  3  3]
model_avg_equal,30,9,0.3333333333333273,0.3333333333333273,0.3333333333333273,False,all / all / right,[12 12  9  3  3]
model_avg_equal,30,10,0.3333333333333273,0.3333333333333273,0.3333333333333273,False,all / all / right,[12 12  3  3  3]
model_avg_equal,30,11,0.3333333333333273,0.3333333333333273,0.3333333333333273,False,all / all / right,[12 12  3  0  0]
model_avg_equal,30,12,0.3333333333333273,0.3333333333333273,0.3333333333333273,False,all / all / right,[3 3 0 0 0]
model_avg_equal,30,13,0.3333333333333273,0.3333333333333273,0.3333333333333273,False,all / all / right,[9 9 9 3 3]
model_avg_equal,30,14,0.3333333333333273,0.3333333333333273,0.3333333333333273,False,all / all / right,[9 9 0 0 0]
model_avg_equal,30,15,0.3333333333333273,0.3333333333333273,0.3333333333333273,False,all / all / right,[0 0 0 0 0]
model_avg_equal,30,16,0.3333333333333273,0.3333333333333273,0.3333333333333273,False,all / all / right,[12 12 12  9  9]
model_avg_equal,30,17,0.3333333333333273,0.3333333333333273,0.3333333333333273,False,all / all / right,[9 9 3 0 0]
model_avg_equal,30,18,0.3333333333333273,0.3333333333333273,0.3333333333333273,False,all / all / right,[12 12 12  0  0]
model_avg_equal,30,19,0.3333333333333273,0.3333333333333273,0.3333333333333273,False,all / all / right,[3 3 3 0 0]
model_avg_equal,31,0,0.3333333333333273,0.3333333333333273,0.3333333333333273,False,all / all / wrong,[9 9 3 3 3]
model_avg_equal,31,1,0.3333333333333273,0.3333333333333273,0.3333333333333273,False,all / all / wrong,[12 12 12 12 12]
model_avg_equal,31,2,0.3333333333333273,0.3333333333333273,0.3333333333333273,False,all / all / wrong,[9 9 9 0 0]
model_avg_equal,31,3,0.3333333333333273,0.3333333333333273,0.3333333333333273,False,all / all / wrong,[9 9 9 9 9]
model_avg_equal,31,4,0.3333333333333273,0.3333333333333273,0.3333333333333273,False,all / all / wrong,[12 12  0  0  0]
model_avg_equal,31,5,0.3333333333333273,0.3333333333333273,0.3333333333333273,False,all / all / wrong,[12 12  9  0  0]
model_avg_equal,31,6,0.3333333333333273,0.3333333333333273,0.3333333333333273,False,all / all / wrong,[12 12  9  9  9]
model_avg_equal,31,7,0.3333333333333273,0.3333333333333273,0.3333333333333273,False,all / all / wrong,[3 3 3 3 3]
model_avg_equal,31,8,0.3333333333333273,0.3333333333333273,0.3333333333333273,False,all / all / wrong,[12 12 12  3  3]
model_avg_equal,31,9,0.3333333333333273,0.3333333333333273,0.3333333333333273,False,all / all / wrong,[12 12  9  3  3]
model_avg_equal,31,10,0.3333333333333273,0.3333333333333273,0.3333333333333273,False,all / all / wrong,[12 12  3  3  3]
model_avg_equal,31,11,0.3333333333333273,0.3333333333333273,0.3333333333333273,False,all / all / wrong,[12 12  3  0  0]
model_avg_equal,31,12,0.3333333333333273,0.3333333333333273,0.3333333333333273,False,all / all / wrong,[3 3 0 0 0]
model_avg_equal,31,13,0.3333333333333273,0.3333333333333273,0.3333333333333273,False,all / all / wrong,[9 9 9 3 3]
model_avg_equal,31,14,0.3333333333333273,0.3333333333333273,0.3333333333333273,False,all / all / wrong,[9 9 0 0 0]
model_avg_equal,31,15,0.5778567796298869,0.3809179312656594,0.04122528910207151,False,all / all / wrong,[0 0 0 0 0]
model_avg_equal,31,16,0.3333333333333273,0.3333333333333273,0.3333333333333273,False,all / all / wrong,[12 12 12  9  9]
model_avg_equal,31,17,0.3333333333333273,0.3333333333333273,0.3333333333333273,False,all / all / wrong,[9 9 3 0 0]
model_avg_equal,31,18,0.3333333333333273,0.3333333333333273,0.3333333333333273,False,all / all / wrong,[12 12 12  0  0]
model_avg_equal,31,19,0.3333333333333273,0.3333333333333273,0.3333333333333273,False,all / all / wrong,[3 3 3 0 0]
